{
  "bitwise":    true,
  "camelcase":  true,
  "curly":      true,
  "eqeqeq":     true,
  "forin":      true,
  "freeze":     true,
  "immed":      true,
  "indent":     2,
  "latedef":    true,
  "maxlen":     120,
  "newcap":     true,
  "noarg":      true,
  "noempty":    true,
  "nonbsp":     true,
  "nonew":      false,
  "quotmark":   "double",
  "undef":      true,
  "unused":     true,

  "asi":        false,
  "boss":       false,
  "browser":    true,
  "devel":      true,
  "eqnull":     true,
  "evil":       false,
  "expr":       false,
  "jasmine":    true,
  "jquery":     true,
  "lastsemic":  true,
  "laxbreak":   false,
  "laxcomma":   false,
  "loopfunc":   false,
  "notypeof":   false,
  "scripturl":  false,
  "sub":        false,
  "supernew":   true,

  "predef": [
    "_",
    "autosize",
    "Backbone",
    "Bloodhound",
    "gon",
    "Handlebars",
    "HandlebarsTemplates",
    "ImagePaths",
    "jsxc",
    "L",
    "MBP",
    "Routes",
    "OSM",
    "parse_url",
    "punycode",
    "qq",
    "blueimp",

    "loginAs",
    "logout",
    "spec",
    "context",
    "factory",
    "stubView",
    "exports",
    "spyOn",

    "app",
    "Diaspora",
    "Mentions",
    "PosixBracketExpressions"
  ]
}
